int	string	int	string	int	float	float	float	float	float
id	名称（内部用）	建筑等级（查看用）	效果说明	效果	效果参数1	效果参数2	效果参数3	效果参数4	效果参数5
id	tips	level	zh_cn_effect_des	effect	par1	par2	par3	par4	par5
100101	电影院	1	增加电影上映天数1天	1	1	0	0	0	0
100201	电影院	2	增加电影上映天数1天	1	1	0	0	0	0
100301	电影院	3	增加电影上映天数2天	1	2	0	0	0	0
100401	电影院	4	增加电影上映天数2天	1	2	0	0	0	0
100501	电影院	5	增加电影上映天数3天	1	3	0	0	0	0
100601	电影院	6	增加电影上映天数3天	1	3	0	0	0	0
100701	电影院	7	增加电影上映天数4天	1	4	0	0	0	0
100801	电影院	8	增加电影上映天数4天	1	4	0	0	0	0
100901	电影院	9	增加电影上映天数5天	1	5	0	0	0	0
101001	电影院	10	增加电影上映天数5天	1	5	0	0	0	0
101101	电影院	11	增加电影上映天数6天	1	6	0	0	0	0
101201	电影院	12	增加电影上映天数6天	1	6	0	0	0	0
101301	电影院	13	增加电影上映天数7天	1	7	0	0	0	0
101401	电影院	14	增加电影上映天数7天	1	7	0	0	0	0
101501	电影院	15	增加电影上映天数8天	1	8	0	0	0	0
101601	电影院	16	增加电影上映天数8天	1	8	0	0	0	0
101701	电影院	17	增加电影上映天数9天	1	9	0	0	0	0
101801	电影院	18	增加电影上映天数9天	1	9	0	0	0	0
101901	电影院	19	增加电影上映天数10天	1	10	0	0	0	0
102001	电影院	20	增加电影上映天数10天	1	10	0	0	0	0
100102	电影院	1	下映后的持续收益增幅1%	2	1	0	0	0	0
100202	电影院	2	下映后的持续收益增幅2%	2	2	0	0	0	0
100302	电影院	3	下映后的持续收益增幅3%	2	3	0	0	0	0
100402	电影院	4	下映后的持续收益增幅4%	2	4	0	0	0	0
100502	电影院	5	下映后的持续收益增幅5%	2	5	0	0	0	0
100602	电影院	6	下映后的持续收益增幅6%	2	6	0	0	0	0
100702	电影院	7	下映后的持续收益增幅7%	2	7	0	0	0	0
100802	电影院	8	下映后的持续收益增幅8%	2	8	0	0	0	0
100902	电影院	9	下映后的持续收益增幅9%	2	9	0	0	0	0
101002	电影院	10	下映后的持续收益增幅10%	2	10	0	0	0	0
101102	电影院	11	下映后的持续收益增幅11%	2	11	0	0	0	0
101202	电影院	12	下映后的持续收益增幅12%	2	12	0	0	0	0
101302	电影院	13	下映后的持续收益增幅13%	2	13	0	0	0	0
101402	电影院	14	下映后的持续收益增幅14%	2	14	0	0	0	0
101502	电影院	15	下映后的持续收益增幅15%	2	15	0	0	0	0
101602	电影院	16	下映后的持续收益增幅16%	2	16	0	0	0	0
101702	电影院	17	下映后的持续收益增幅17%	2	17	0	0	0	0
101802	电影院	18	下映后的持续收益增幅18%	2	18	0	0	0	0
101902	电影院	19	下映后的持续收益增幅19%	2	19	0	0	0	0
102002	电影院	20	下映后的持续收益增幅20%	2	20	0	0	0	0
200101	摄影棚	1	增加电影场面属性1%	3	1601	1	0	0	0
200201	摄影棚	2	增加电影场面属性2%	3	1601	2	0	0	0
200301	摄影棚	3	增加电影场面属性3%	3	1601	3	0	0	0
200401	摄影棚	4	增加电影场面属性4%	3	1601	4	0	0	0
200501	摄影棚	5	增加电影场面属性5%	3	1601	5	0	0	0
200601	摄影棚	6	增加电影场面属性6%	3	1601	6	0	0	0
200701	摄影棚	7	增加电影场面属性7%	3	1601	7	0	0	0
200801	摄影棚	8	增加电影场面属性8%	3	1601	8	0	0	0
200901	摄影棚	9	增加电影场面属性9%	3	1601	9	0	0	0
201001	摄影棚	10	增加电影场面属性10%	3	1601	10	0	0	0
201101	摄影棚	11	增加电影场面属性11%	3	1601	11	0	0	0
201201	摄影棚	12	增加电影场面属性12%	3	1601	12	0	0	0
201301	摄影棚	13	增加电影场面属性13%	3	1601	13	0	0	0
201401	摄影棚	14	增加电影场面属性14%	3	1601	14	0	0	0
201501	摄影棚	15	增加电影场面属性15%	3	1601	15	0	0	0
201601	摄影棚	16	增加电影场面属性16%	3	1601	16	0	0	0
201701	摄影棚	17	增加电影场面属性17%	3	1601	17	0	0	0
201801	摄影棚	18	增加电影场面属性18%	3	1601	18	0	0	0
201901	摄影棚	19	增加电影场面属性19%	3	1601	19	0	0	0
202001	摄影棚	20	增加电影场面属性20%	3	1601	20	0	0	0
200102	摄影棚	1	增加电影剧情属性1%	3	1603	1	0	0	0
200202	摄影棚	2	增加电影剧情属性2%	3	1603	2	0	0	0
200302	摄影棚	3	增加电影剧情属性3%	3	1603	3	0	0	0
200402	摄影棚	4	增加电影剧情属性4%	3	1603	4	0	0	0
200502	摄影棚	5	增加电影剧情属性5%	3	1603	5	0	0	0
200602	摄影棚	6	增加电影剧情属性6%	3	1603	6	0	0	0
200702	摄影棚	7	增加电影剧情属性7%	3	1603	7	0	0	0
200802	摄影棚	8	增加电影剧情属性8%	3	1603	8	0	0	0
200902	摄影棚	9	增加电影剧情属性9%	3	1603	9	0	0	0
201002	摄影棚	10	增加电影剧情属性10%	3	1603	10	0	0	0
201102	摄影棚	11	增加电影剧情属性11%	3	1603	11	0	0	0
201202	摄影棚	12	增加电影剧情属性12%	3	1603	12	0	0	0
201302	摄影棚	13	增加电影剧情属性13%	3	1603	13	0	0	0
201402	摄影棚	14	增加电影剧情属性14%	3	1603	14	0	0	0
201502	摄影棚	15	增加电影剧情属性15%	3	1603	15	0	0	0
201602	摄影棚	16	增加电影剧情属性16%	3	1603	16	0	0	0
201702	摄影棚	17	增加电影剧情属性17%	3	1603	17	0	0	0
201802	摄影棚	18	增加电影剧情属性18%	3	1603	18	0	0	0
201902	摄影棚	19	增加电影剧情属性19%	3	1603	19	0	0	0
202002	摄影棚	20	增加电影剧情属性20%	3	1603	20	0	0	0
200103	摄影棚	1	增加电影表演属性1%	3	1602	1	0	0	0
200203	摄影棚	2	增加电影表演属性2%	3	1602	2	0	0	0
200303	摄影棚	3	增加电影表演属性3%	3	1602	3	0	0	0
200403	摄影棚	4	增加电影表演属性4%	3	1602	4	0	0	0
200503	摄影棚	5	增加电影表演属性5%	3	1602	5	0	0	0
200603	摄影棚	6	增加电影表演属性6%	3	1602	6	0	0	0
200703	摄影棚	7	增加电影表演属性7%	3	1602	7	0	0	0
200803	摄影棚	8	增加电影表演属性8%	3	1602	8	0	0	0
200903	摄影棚	9	增加电影表演属性9%	3	1602	9	0	0	0
201003	摄影棚	10	增加电影表演属性10%	3	1602	10	0	0	0
201103	摄影棚	11	增加电影表演属性11%	3	1602	11	0	0	0
201203	摄影棚	12	增加电影表演属性12%	3	1602	12	0	0	0
201303	摄影棚	13	增加电影表演属性13%	3	1602	13	0	0	0
201403	摄影棚	14	增加电影表演属性14%	3	1602	14	0	0	0
201503	摄影棚	15	增加电影表演属性15%	3	1602	15	0	0	0
201603	摄影棚	16	增加电影表演属性16%	3	1602	16	0	0	0
201703	摄影棚	17	增加电影表演属性17%	3	1602	17	0	0	0
201803	摄影棚	18	增加电影表演属性18%	3	1602	18	0	0	0
201903	摄影棚	19	增加电影表演属性19%	3	1602	19	0	0	0
202003	摄影棚	20	增加电影表演属性20%	3	1602	20	0	0	0
200104	摄影棚	1	增加电影艺术属性1%	3	1604	1	0	0	0
200204	摄影棚	2	增加电影艺术属性2%	3	1604	2	0	0	0
200304	摄影棚	3	增加电影艺术属性3%	3	1604	3	0	0	0
200404	摄影棚	4	增加电影艺术属性4%	3	1604	4	0	0	0
200504	摄影棚	5	增加电影艺术属性5%	3	1604	5	0	0	0
200604	摄影棚	6	增加电影艺术属性6%	3	1604	6	0	0	0
200704	摄影棚	7	增加电影艺术属性7%	3	1604	7	0	0	0
200804	摄影棚	8	增加电影艺术属性8%	3	1604	8	0	0	0
200904	摄影棚	9	增加电影艺术属性9%	3	1604	9	0	0	0
201004	摄影棚	10	增加电影艺术属性10%	3	1604	10	0	0	0
201104	摄影棚	11	增加电影艺术属性11%	3	1604	11	0	0	0
201204	摄影棚	12	增加电影艺术属性12%	3	1604	12	0	0	0
201304	摄影棚	13	增加电影艺术属性13%	3	1604	13	0	0	0
201404	摄影棚	14	增加电影艺术属性14%	3	1604	14	0	0	0
201504	摄影棚	15	增加电影艺术属性15%	3	1604	15	0	0	0
201604	摄影棚	16	增加电影艺术属性16%	3	1604	16	0	0	0
201704	摄影棚	17	增加电影艺术属性17%	3	1604	17	0	0	0
201804	摄影棚	18	增加电影艺术属性18%	3	1604	18	0	0	0
201904	摄影棚	19	增加电影艺术属性19%	3	1604	19	0	0	0
202004	摄影棚	20	增加电影艺术属性20%	3	1604	20	0	0	0
200105	摄影棚	1	增加电影娱乐属性1%	3	1605	1	0	0	0
200205	摄影棚	2	增加电影娱乐属性2%	3	1605	2	0	0	0
200305	摄影棚	3	增加电影娱乐属性3%	3	1605	3	0	0	0
200405	摄影棚	4	增加电影娱乐属性4%	3	1605	4	0	0	0
200505	摄影棚	5	增加电影娱乐属性5%	3	1605	5	0	0	0
200605	摄影棚	6	增加电影娱乐属性6%	3	1605	6	0	0	0
200705	摄影棚	7	增加电影娱乐属性7%	3	1605	7	0	0	0
200805	摄影棚	8	增加电影娱乐属性8%	3	1605	8	0	0	0
200905	摄影棚	9	增加电影娱乐属性9%	3	1605	9	0	0	0
201005	摄影棚	10	增加电影娱乐属性10%	3	1605	10	0	0	0
201105	摄影棚	11	增加电影娱乐属性11%	3	1605	11	0	0	0
201205	摄影棚	12	增加电影娱乐属性12%	3	1605	12	0	0	0
201305	摄影棚	13	增加电影娱乐属性13%	3	1605	13	0	0	0
201405	摄影棚	14	增加电影娱乐属性14%	3	1605	14	0	0	0
201505	摄影棚	15	增加电影娱乐属性15%	3	1605	15	0	0	0
201605	摄影棚	16	增加电影娱乐属性16%	3	1605	16	0	0	0
201705	摄影棚	17	增加电影娱乐属性17%	3	1605	17	0	0	0
201805	摄影棚	18	增加电影娱乐属性18%	3	1605	18	0	0	0
201905	摄影棚	19	增加电影娱乐属性19%	3	1605	19	0	0	0
202005	摄影棚	20	增加电影娱乐属性20%	3	1605	20	0	0	0
300101	艺人教室	1	艺人每日可培养次数+1	4	1	0	0	0	0
300201	艺人教室	2	艺人每日可培养次数+2	4	2	0	0	0	0
300301	艺人教室	3	艺人每日可培养次数+2	4	2	0	0	0	0
300401	艺人教室	4	艺人每日可培养次数+3	4	3	0	0	0	0
300501	艺人教室	5	艺人每日可培养次数+3	4	3	0	0	0	0
300601	艺人教室	6	艺人每日可培养次数+4	4	4	0	0	0	0
300701	艺人教室	7	艺人每日可培养次数+4	4	4	0	0	0	0
300801	艺人教室	8	艺人每日可培养次数+5	4	5	0	0	0	0
300901	艺人教室	9	艺人每日可培养次数+5	4	5	0	0	0	0
301001	艺人教室	10	艺人每日可培养次数+6	4	6	0	0	0	0
301101	艺人教室	11	艺人每日可培养次数+6	4	6	0	0	0	0
301201	艺人教室	12	艺人每日可培养次数+7	4	7	0	0	0	0
301301	艺人教室	13	艺人每日可培养次数+7	4	7	0	0	0	0
301401	艺人教室	14	艺人每日可培养次数+8	4	8	0	0	0	0
301501	艺人教室	15	艺人每日可培养次数+8	4	8	0	0	0	0
301601	艺人教室	16	艺人每日可培养次数+9	4	9	0	0	0	0
301701	艺人教室	17	艺人每日可培养次数+9	4	9	0	0	0	0
301801	艺人教室	18	艺人每日可培养次数+10	4	10	0	0	0	0
301901	艺人教室	19	艺人每日可培养次数+10	4	10	0	0	0	0
302001	艺人教室	20	艺人每日可培养次数+11	4	11	0	0	0	0
300102	艺人教室	1	最大可拥有艺人数量+1	5	1	0	0	0	0
300202	艺人教室	2	最大可拥有艺人数量+1	5	1	0	0	0	0
300302	艺人教室	3	最大可拥有艺人数量+2	5	2	0	0	0	0
300402	艺人教室	4	最大可拥有艺人数量+2	5	2	0	0	0	0
300502	艺人教室	5	最大可拥有艺人数量+3	5	3	0	0	0	0
300602	艺人教室	6	最大可拥有艺人数量+3	5	3	0	0	0	0
300702	艺人教室	7	最大可拥有艺人数量+4	5	4	0	0	0	0
300802	艺人教室	8	最大可拥有艺人数量+4	5	4	0	0	0	0
300902	艺人教室	9	最大可拥有艺人数量+5	5	5	0	0	0	0
301002	艺人教室	10	最大可拥有艺人数量+5	5	5	0	0	0	0
301102	艺人教室	11	最大可拥有艺人数量+6	5	6	0	0	0	0
301202	艺人教室	12	最大可拥有艺人数量+6	5	6	0	0	0	0
301302	艺人教室	13	最大可拥有艺人数量+7	5	7	0	0	0	0
301402	艺人教室	14	最大可拥有艺人数量+7	5	7	0	0	0	0
301502	艺人教室	15	最大可拥有艺人数量+8	5	8	0	0	0	0
301602	艺人教室	16	最大可拥有艺人数量+8	5	8	0	0	0	0
301702	艺人教室	17	最大可拥有艺人数量+9	5	9	0	0	0	0
301802	艺人教室	18	最大可拥有艺人数量+9	5	9	0	0	0	0
301902	艺人教室	19	最大可拥有艺人数量+10	5	10	0	0	0	0
302002	艺人教室	20	最大可拥有艺人数量+10	5	10	0	0	0	0
400101	市场部	1	市场征服的最大金币和粉丝容量增加2%	6	2	0	0	0	0
400201	市场部	2	市场征服的最大金币和粉丝容量增加4%	6	4	0	0	0	0
400301	市场部	3	市场征服的最大金币和粉丝容量增加6%	6	6	0	0	0	0
400401	市场部	4	市场征服的最大金币和粉丝容量增加8%	6	8	0	0	0	0
400501	市场部	5	市场征服的最大金币和粉丝容量增加10%	6	10	0	0	0	0
400601	市场部	6	市场征服的最大金币和粉丝容量增加12%	6	12	0	0	0	0
400701	市场部	7	市场征服的最大金币和粉丝容量增加14%	6	14	0	0	0	0
400801	市场部	8	市场征服的最大金币和粉丝容量增加16%	6	16	0	0	0	0
400901	市场部	9	市场征服的最大金币和粉丝容量增加18%	6	18	0	0	0	0
401001	市场部	10	市场征服的最大金币和粉丝容量增加20%	6	20	0	0	0	0
401101	市场部	11	市场征服的最大金币和粉丝容量增加22%	6	22	0	0	0	0
401201	市场部	12	市场征服的最大金币和粉丝容量增加24%	6	24	0	0	0	0
401301	市场部	13	市场征服的最大金币和粉丝容量增加26%	6	26	0	0	0	0
401401	市场部	14	市场征服的最大金币和粉丝容量增加28%	6	28	0	0	0	0
401501	市场部	15	市场征服的最大金币和粉丝容量增加30%	6	30	0	0	0	0
401601	市场部	16	市场征服的最大金币和粉丝容量增加32%	6	32	0	0	0	0
401701	市场部	17	市场征服的最大金币和粉丝容量增加34%	6	34	0	0	0	0
401801	市场部	18	市场征服的最大金币和粉丝容量增加36%	6	36	0	0	0	0
401901	市场部	19	市场征服的最大金币和粉丝容量增加38%	6	38	0	0	0	0
402001	市场部	20	市场征服的最大金币和粉丝容量增加40%	6	40	0	0	0	0
500101	宣传部	1	电影上映后获得的粉丝数增加1%	7	1	0	0	0	0
500201	宣传部	2	电影上映后获得的粉丝数增加2%	7	2	0	0	0	0
500301	宣传部	3	电影上映后获得的粉丝数增加3%	7	3	0	0	0	0
500401	宣传部	4	电影上映后获得的粉丝数增加4%	7	4	0	0	0	0
500501	宣传部	5	电影上映后获得的粉丝数增加5%	7	5	0	0	0	0
500601	宣传部	6	电影上映后获得的粉丝数增加6%	7	6	0	0	0	0
500701	宣传部	7	电影上映后获得的粉丝数增加7%	7	7	0	0	0	0
500801	宣传部	8	电影上映后获得的粉丝数增加8%	7	8	0	0	0	0
500901	宣传部	9	电影上映后获得的粉丝数增加9%	7	9	0	0	0	0
501001	宣传部	10	电影上映后获得的粉丝数增加10%	7	10	0	0	0	0
501101	宣传部	11	电影上映后获得的粉丝数增加11%	7	11	0	0	0	0
501201	宣传部	12	电影上映后获得的粉丝数增加12%	7	12	0	0	0	0
501301	宣传部	13	电影上映后获得的粉丝数增加13%	7	13	0	0	0	0
501401	宣传部	14	电影上映后获得的粉丝数增加14%	7	14	0	0	0	0
501501	宣传部	15	电影上映后获得的粉丝数增加15%	7	15	0	0	0	0
501601	宣传部	16	电影上映后获得的粉丝数增加16%	7	16	0	0	0	0
501701	宣传部	17	电影上映后获得的粉丝数增加17%	7	17	0	0	0	0
501801	宣传部	18	电影上映后获得的粉丝数增加18%	7	18	0	0	0	0
501901	宣传部	19	电影上映后获得的粉丝数增加19%	7	19	0	0	0	0
502001	宣传部	20	电影上映后获得的粉丝数增加20%	7	20	0	0	0	0
500102	宣传部	1	拍摄电影时观众的期待值增加1%	8	1	0	0	0	0
500202	宣传部	2	拍摄电影时观众的期待值增加2%	8	2	0	0	0	0
500302	宣传部	3	拍摄电影时观众的期待值增加3%	8	3	0	0	0	0
500402	宣传部	4	拍摄电影时观众的期待值增加4%	8	4	0	0	0	0
500502	宣传部	5	拍摄电影时观众的期待值增加5%	8	5	0	0	0	0
500602	宣传部	6	拍摄电影时观众的期待值增加6%	8	6	0	0	0	0
500702	宣传部	7	拍摄电影时观众的期待值增加7%	8	7	0	0	0	0
500802	宣传部	8	拍摄电影时观众的期待值增加8%	8	8	0	0	0	0
500902	宣传部	9	拍摄电影时观众的期待值增加9%	8	9	0	0	0	0
501002	宣传部	10	拍摄电影时观众的期待值增加10%	8	10	0	0	0	0
501102	宣传部	11	拍摄电影时观众的期待值增加11%	8	11	0	0	0	0
501202	宣传部	12	拍摄电影时观众的期待值增加12%	8	12	0	0	0	0
501302	宣传部	13	拍摄电影时观众的期待值增加13%	8	13	0	0	0	0
501402	宣传部	14	拍摄电影时观众的期待值增加14%	8	14	0	0	0	0
501502	宣传部	15	拍摄电影时观众的期待值增加15%	8	15	0	0	0	0
501602	宣传部	16	拍摄电影时观众的期待值增加16%	8	16	0	0	0	0
501702	宣传部	17	拍摄电影时观众的期待值增加17%	8	17	0	0	0	0
501802	宣传部	18	拍摄电影时观众的期待值增加18%	8	18	0	0	0	0
501902	宣传部	19	拍摄电影时观众的期待值增加19%	8	19	0	0	0	0
502002	宣传部	20	拍摄电影时观众的期待值增加20%	8	20	0	0	0	0
600101	仓库	1	仓库容量增加100	9	100	0	0	0	0
600201	仓库	2	仓库容量增加200	9	200	0	0	0	0
600301	仓库	3	仓库容量增加300	9	300	0	0	0	0
600401	仓库	4	仓库容量增加400	9	400	0	0	0	0
600501	仓库	5	仓库容量增加500	9	500	0	0	0	0
600601	仓库	6	仓库容量增加600	9	600	0	0	0	0
600701	仓库	7	仓库容量增加700	9	700	0	0	0	0
600801	仓库	8	仓库容量增加800	9	800	0	0	0	0
600901	仓库	9	仓库容量增加900	9	900	0	0	0	0
601001	仓库	10	仓库容量增加1000	9	1000	0	0	0	0
601101	仓库	11	仓库容量增加1100	9	1100	0	0	0	0
601201	仓库	12	仓库容量增加1200	9	1200	0	0	0	0
601301	仓库	13	仓库容量增加1300	9	1300	0	0	0	0
601401	仓库	14	仓库容量增加1400	9	1400	0	0	0	0
601501	仓库	15	仓库容量增加1500	9	1500	0	0	0	0
601601	仓库	16	仓库容量增加1600	9	1600	0	0	0	0
601701	仓库	17	仓库容量增加1700	9	1700	0	0	0	0
601801	仓库	18	仓库容量增加1800	9	1800	0	0	0	0
601901	仓库	19	仓库容量增加1900	9	1900	0	0	0	0
602001	仓库	20	仓库容量增加2000	9	2000	0	0	0	0
700101	销售部	1	完成订单时得到的点赞数增加1%	10	1	0	0	0	0
700201	销售部	2	完成订单时得到的点赞数增加2%	10	2	0	0	0	0
700301	销售部	3	完成订单时得到的点赞数增加3%	10	3	0	0	0	0
700401	销售部	4	完成订单时得到的点赞数增加4%	10	4	0	0	0	0
700501	销售部	5	完成订单时得到的点赞数增加5%	10	5	0	0	0	0
700601	销售部	6	完成订单时得到的点赞数增加6%	10	6	0	0	0	0
700701	销售部	7	完成订单时得到的点赞数增加7%	10	7	0	0	0	0
700801	销售部	8	完成订单时得到的点赞数增加8%	10	8	0	0	0	0
700901	销售部	9	完成订单时得到的点赞数增加9%	10	9	0	0	0	0
701001	销售部	10	完成订单时得到的点赞数增加10%	10	10	0	0	0	0
701101	销售部	11	完成订单时得到的点赞数增加11%	10	11	0	0	0	0
701201	销售部	12	完成订单时得到的点赞数增加12%	10	12	0	0	0	0
701301	销售部	13	完成订单时得到的点赞数增加13%	10	13	0	0	0	0
701401	销售部	14	完成订单时得到的点赞数增加14%	10	14	0	0	0	0
701501	销售部	15	完成订单时得到的点赞数增加15%	10	15	0	0	0	0
701601	销售部	16	完成订单时得到的点赞数增加16%	10	16	0	0	0	0
701701	销售部	17	完成订单时得到的点赞数增加17%	10	17	0	0	0	0
701801	销售部	18	完成订单时得到的点赞数增加18%	10	18	0	0	0	0
701901	销售部	19	完成订单时得到的点赞数增加19%	10	19	0	0	0	0
702001	销售部	20	完成订单时得到的点赞数增加20%	10	20	0	0	0	0
700102	销售部	1	完成订单时得到的金币增加1%	11	2	1	0	0	0
700202	销售部	2	完成订单时得到的金币增加1%	11	2	1	0	0	0
700302	销售部	3	完成订单时得到的金币增加2%	11	2	2	0	0	0
700402	销售部	4	完成订单时得到的金币增加2%	11	2	2	0	0	0
700502	销售部	5	完成订单时得到的金币增加3%	11	2	3	0	0	0
700602	销售部	6	完成订单时得到的金币增加3%	11	2	3	0	0	0
700702	销售部	7	完成订单时得到的金币增加4%	11	2	4	0	0	0
700802	销售部	8	完成订单时得到的金币增加4%	11	2	4	0	0	0
700902	销售部	9	完成订单时得到的金币增加5%	11	2	5	0	0	0
701002	销售部	10	完成订单时得到的金币增加5%	11	2	5	0	0	0
701102	销售部	11	完成订单时得到的金币增加6%	11	2	6	0	0	0
701202	销售部	12	完成订单时得到的金币增加6%	11	2	6	0	0	0
701302	销售部	13	完成订单时得到的金币增加7%	11	2	7	0	0	0
701402	销售部	14	完成订单时得到的金币增加7%	11	2	7	0	0	0
701502	销售部	15	完成订单时得到的金币增加8%	11	2	8	0	0	0
701602	销售部	16	完成订单时得到的金币增加8%	11	2	8	0	0	0
701702	销售部	17	完成订单时得到的金币增加9%	11	2	9	0	0	0
701802	销售部	18	完成订单时得到的金币增加9%	11	2	9	0	0	0
701902	销售部	19	完成订单时得到的金币增加10%	11	2	10	0	0	0
702002	销售部	20	完成订单时得到的金币增加10%	11	2	10	0	0	0
700103	销售部	1	完成订单时得到的宣传册增加1	11	5005	1	0	0	0
700203	销售部	2	完成订单时得到的宣传册增加1	11	5005	1	0	0	0
700303	销售部	3	完成订单时得到的宣传册增加1	11	5005	1	0	0	0
700403	销售部	4	完成订单时得到的宣传册增加2	11	5005	2	0	0	0
700503	销售部	5	完成订单时得到的宣传册增加2	11	5005	2	0	0	0
700603	销售部	6	完成订单时得到的宣传册增加2	11	5005	2	0	0	0
700703	销售部	7	完成订单时得到的宣传册增加3	11	5005	3	0	0	0
700803	销售部	8	完成订单时得到的宣传册增加3	11	5005	3	0	0	0
700903	销售部	9	完成订单时得到的宣传册增加3	11	5005	3	0	0	0
701003	销售部	10	完成订单时得到的宣传册增加4	11	5005	4	0	0	0
701103	销售部	11	完成订单时得到的宣传册增加4	11	5005	4	0	0	0
701203	销售部	12	完成订单时得到的宣传册增加4	11	5005	4	0	0	0
701303	销售部	13	完成订单时得到的宣传册增加5	11	5005	5	0	0	0
701403	销售部	14	完成订单时得到的宣传册增加5	11	5005	5	0	0	0
701503	销售部	15	完成订单时得到的宣传册增加5	11	5005	5	0	0	0
701603	销售部	16	完成订单时得到的宣传册增加6	11	5005	6	0	0	0
701703	销售部	17	完成订单时得到的宣传册增加6	11	5005	6	0	0	0
701803	销售部	18	完成订单时得到的宣传册增加6	11	5005	6	0	0	0
701903	销售部	19	完成订单时得到的宣传册增加7	11	5005	7	0	0	0
702003	销售部	20	完成订单时得到的宣传册增加7	11	5005	7	0	0	0
800101	商务部	1	第1档生产线可升至6级	12	1	6	0	0	0
800201	商务部	2	第1档生产线可升至7级	12	1	7	0	0	0
800301	商务部	3	第1档生产线可升至8级	12	1	8	0	0	0
800401	商务部	4	第1档生产线可升至9级	12	1	9	0	0	0
800501	商务部	5	第1档生产线可升至10级	12	1	10	0	0	0
800601	商务部	6	第1档生产线可升至11级	12	1	11	0	0	0
800701	商务部	7	第1档生产线可升至12级	12	1	12	0	0	0
800801	商务部	8	第1档生产线可升至13级	12	1	13	0	0	0
800901	商务部	9	第1档生产线可升至14级	12	1	14	0	0	0
801001	商务部	10	第1档生产线可升至15级	12	1	15	0	0	0
801101	商务部	11	第1档生产线可升至16级	12	1	16	0	0	0
801201	商务部	12	第1档生产线可升至17级	12	1	17	0	0	0
801301	商务部	13	第1档生产线可升至18级	12	1	18	0	0	0
801401	商务部	14	第1档生产线可升至19级	12	1	19	0	0	0
801501	商务部	15	第1档生产线可升至20级	12	1	20	0	0	0
801601	商务部	16	第1档生产线可升至21级	12	1	21	0	0	0
801701	商务部	17	第1档生产线可升至22级	12	1	22	0	0	0
801801	商务部	18	第1档生产线可升至23级	12	1	23	0	0	0
801901	商务部	19	第1档生产线可升至24级	12	1	24	0	0	0
802001	商务部	20	第1档生产线可升至25级	12	1	25	0	0	0
900101	办公室	1	公务事件奖励增加1%	13	1	0	0	0	0
900201	办公室	2	公务事件奖励增加2%	13	2	0	0	0	0
900301	办公室	3	公务事件奖励增加3%	13	3	0	0	0	0
900401	办公室	4	公务事件奖励增加4%	13	4	0	0	0	0
900501	办公室	5	公务事件奖励增加5%	13	5	0	0	0	0
900601	办公室	6	公务事件奖励增加6%	13	6	0	0	0	0
900701	办公室	7	公务事件奖励增加7%	13	7	0	0	0	0
900801	办公室	8	公务事件奖励增加8%	13	8	0	0	0	0
900901	办公室	9	公务事件奖励增加9%	13	9	0	0	0	0
901001	办公室	10	公务事件奖励增加10%	13	10	0	0	0	0
901101	办公室	11	公务事件奖励增加11%	13	11	0	0	0	0
901201	办公室	12	公务事件奖励增加12%	13	12	0	0	0	0
901301	办公室	13	公务事件奖励增加13%	13	13	0	0	0	0
901401	办公室	14	公务事件奖励增加14%	13	14	0	0	0	0
901501	办公室	15	公务事件奖励增加15%	13	15	0	0	0	0
901601	办公室	16	公务事件奖励增加16%	13	16	0	0	0	0
901701	办公室	17	公务事件奖励增加17%	13	17	0	0	0	0
901801	办公室	18	公务事件奖励增加18%	13	18	0	0	0	0
901901	办公室	19	公务事件奖励增加19%	13	19	0	0	0	0
902001	办公室	20	公务事件奖励增加20%	13	20	0	0	0	0
900102	办公室	1	待办公务上限增加1项	15	1	0	0	0	0
900202	办公室	2	待办公务上限增加2项	15	2	0	0	0	0
900302	办公室	3	待办公务上限增加3项	15	3	0	0	0	0
900402	办公室	4	待办公务上限增加4项	15	4	0	0	0	0
900502	办公室	5	待办公务上限增加5项	15	5	0	0	0	0
900602	办公室	6	待办公务上限增加6项	15	6	0	0	0	0
900702	办公室	7	待办公务上限增加7项	15	7	0	0	0	0
900802	办公室	8	待办公务上限增加8项	15	8	0	0	0	0
900902	办公室	9	待办公务上限增加9项	15	9	0	0	0	0
901002	办公室	10	待办公务上限增加10项	15	10	0	0	0	0
901102	办公室	11	待办公务上限增加11项	15	11	0	0	0	0
901202	办公室	12	待办公务上限增加12项	15	12	0	0	0	0
901302	办公室	13	待办公务上限增加13项	15	13	0	0	0	0
901402	办公室	14	待办公务上限增加14项	15	14	0	0	0	0
901502	办公室	15	待办公务上限增加15项	15	15	0	0	0	0
901602	办公室	16	待办公务上限增加16项	15	16	0	0	0	0
901702	办公室	17	待办公务上限增加17项	15	17	0	0	0	0
901802	办公室	18	待办公务上限增加18项	15	18	0	0	0	0
901902	办公室	19	待办公务上限增加19项	15	19	0	0	0	0
902002	办公室	20	待办公务上限增加20项	15	20	0	0	0	0
1000101	接待室	1	排队等待的粉丝队列上限增加1人	16	1	0	0	0	0
1000201	接待室	2	排队等待的粉丝队列上限增加1人	16	1	0	0	0	0
1000301	接待室	3	排队等待的粉丝队列上限增加1人	16	1	0	0	0	0
1000401	接待室	4	排队等待的粉丝队列上限增加1人	16	1	0	0	0	0
1000501	接待室	5	排队等待的粉丝队列上限增加2人	16	2	0	0	0	0
1000601	接待室	6	排队等待的粉丝队列上限增加2人	16	2	0	0	0	0
1000701	接待室	7	排队等待的粉丝队列上限增加2人	16	2	0	0	0	0
1000801	接待室	8	排队等待的粉丝队列上限增加2人	16	2	0	0	0	0
1000901	接待室	9	排队等待的粉丝队列上限增加3人	16	3	0	0	0	0
1001001	接待室	10	排队等待的粉丝队列上限增加3人	16	3	0	0	0	0
1001101	接待室	11	排队等待的粉丝队列上限增加3人	16	3	0	0	0	0
1001201	接待室	12	排队等待的粉丝队列上限增加3人	16	3	0	0	0	0
1001301	接待室	13	排队等待的粉丝队列上限增加4人	16	4	0	0	0	0
1001401	接待室	14	排队等待的粉丝队列上限增加4人	16	4	0	0	0	0
1001501	接待室	15	排队等待的粉丝队列上限增加4人	16	4	0	0	0	0
1001601	接待室	16	排队等待的粉丝队列上限增加4人	16	4	0	0	0	0
1001701	接待室	17	排队等待的粉丝队列上限增加5人	16	5	0	0	0	0
1001801	接待室	18	排队等待的粉丝队列上限增加5人	16	5	0	0	0	0
1001901	接待室	19	排队等待的粉丝队列上限增加5人	16	5	0	0	0	0
1002001	接待室	20	排队等待的粉丝队列上限增加5人	16	5	0	0	0	0
1000102	接待室	1	粉丝探班事件触发间隔增加30秒	17	30	0	0	0	0
1000202	接待室	2	粉丝探班事件触发间隔增加60秒	17	60	0	0	0	0
1000302	接待室	3	粉丝探班事件触发间隔增加90秒	17	90	0	0	0	0
1000402	接待室	4	粉丝探班事件触发间隔增加120秒	17	120	0	0	0	0
1000502	接待室	5	粉丝探班事件触发间隔增加150秒	17	150	0	0	0	0
1000602	接待室	6	粉丝探班事件触发间隔增加180秒	17	180	0	0	0	0
1000702	接待室	7	粉丝探班事件触发间隔增加210秒	17	210	0	0	0	0
1000802	接待室	8	粉丝探班事件触发间隔增加240秒	17	240	0	0	0	0
1000902	接待室	9	粉丝探班事件触发间隔增加270秒	17	270	0	0	0	0
1001002	接待室	10	粉丝探班事件触发间隔增加300秒	17	300	0	0	0	0
1001102	接待室	11	粉丝探班事件触发间隔增加330秒	17	330	0	0	0	0
1001202	接待室	12	粉丝探班事件触发间隔增加360秒	17	360	0	0	0	0
1001302	接待室	13	粉丝探班事件触发间隔增加390秒	17	390	0	0	0	0
1001402	接待室	14	粉丝探班事件触发间隔增加420秒	17	420	0	0	0	0
1001502	接待室	15	粉丝探班事件触发间隔增加450秒	17	450	0	0	0	0
1001602	接待室	16	粉丝探班事件触发间隔增加480秒	17	480	0	0	0	0
1001702	接待室	17	粉丝探班事件触发间隔增加510秒	17	510	0	0	0	0
1001802	接待室	18	粉丝探班事件触发间隔增加540秒	17	540	0	0	0	0
1001902	接待室	19	粉丝探班事件触发间隔增加570秒	17	570	0	0	0	0
1002002	接待室	20	粉丝探班事件触发间隔增加600秒	17	600	0	0	0	0
1000103	接待室	1	粉丝探班事件奖励增加10%	18	10	0	0	0	0
1000203	接待室	2	粉丝探班事件奖励增加10%	18	10	0	0	0	0
1000303	接待室	3	粉丝探班事件奖励增加10%	18	10	0	0	0	0
1000403	接待室	4	粉丝探班事件奖励增加10%	18	10	0	0	0	0
1000503	接待室	5	粉丝探班事件奖励增加10%	18	10	0	0	0	0
1000603	接待室	6	粉丝探班事件奖励增加10%	18	10	0	0	0	0
1000703	接待室	7	粉丝探班事件奖励增加10%	18	10	0	0	0	0
1000803	接待室	8	粉丝探班事件奖励增加10%	18	10	0	0	0	0
1000903	接待室	9	粉丝探班事件奖励增加10%	18	10	0	0	0	0
1001003	接待室	10	粉丝探班事件奖励增加10%	18	10	0	0	0	0
1001103	接待室	11	粉丝探班事件奖励增加10%	18	10	0	0	0	0
1001203	接待室	12	粉丝探班事件奖励增加10%	18	10	0	0	0	0
1001303	接待室	13	粉丝探班事件奖励增加10%	18	10	0	0	0	0
1001403	接待室	14	粉丝探班事件奖励增加10%	18	10	0	0	0	0
1001503	接待室	15	粉丝探班事件奖励增加10%	18	10	0	0	0	0
1001603	接待室	16	粉丝探班事件奖励增加10%	18	10	0	0	0	0
1001703	接待室	17	粉丝探班事件奖励增加10%	18	10	0	0	0	0
1001803	接待室	18	粉丝探班事件奖励增加10%	18	10	0	0	0	0
1001903	接待室	19	粉丝探班事件奖励增加10%	18	10	0	0	0	0
1002003	接待室	20	粉丝探班事件奖励增加10%	18	10	0	0	0	0
1100101	会议室	1	等待召开的会议上限增加1场	19	1	0	0	0	0
1100201	会议室	2	等待召开的会议上限增加1场	19	1	0	0	0	0
1100301	会议室	3	等待召开的会议上限增加1场	19	1	0	0	0	0
1100401	会议室	4	等待召开的会议上限增加1场	19	1	0	0	0	0
1100501	会议室	5	等待召开的会议上限增加2场	19	2	0	0	0	0
1100601	会议室	6	等待召开的会议上限增加2场	19	2	0	0	0	0
1100701	会议室	7	等待召开的会议上限增加2场	19	2	0	0	0	0
1100801	会议室	8	等待召开的会议上限增加2场	19	2	0	0	0	0
1100901	会议室	9	等待召开的会议上限增加3场	19	3	0	0	0	0
1101001	会议室	10	等待召开的会议上限增加3场	19	3	0	0	0	0
1101101	会议室	11	等待召开的会议上限增加3场	19	3	0	0	0	0
1101201	会议室	12	等待召开的会议上限增加3场	19	3	0	0	0	0
1101301	会议室	13	等待召开的会议上限增加4场	19	4	0	0	0	0
1101401	会议室	14	等待召开的会议上限增加4场	19	4	0	0	0	0
1101501	会议室	15	等待召开的会议上限增加4场	19	4	0	0	0	0
1101601	会议室	16	等待召开的会议上限增加4场	19	4	0	0	0	0
1101701	会议室	17	等待召开的会议上限增加5场	19	5	0	0	0	0
1101801	会议室	18	等待召开的会议上限增加5场	19	5	0	0	0	0
1101901	会议室	19	等待召开的会议上限增加5场	19	5	0	0	0	0
1102001	会议室	20	等待召开的会议上限增加5场	19	5	0	0	0	0
1100102	会议室	1	会议事件奖励增加3%	20	3	0	0	0	0
1100202	会议室	2	会议事件奖励增加4%	20	4	0	0	0	0
1100302	会议室	3	会议事件奖励增加5%	20	5	0	0	0	0
1100402	会议室	4	会议事件奖励增加6%	20	6	0	0	0	0
1100502	会议室	5	会议事件奖励增加7%	20	7	0	0	0	0
1100602	会议室	6	会议事件奖励增加8%	20	8	0	0	0	0
1100702	会议室	7	会议事件奖励增加9%	20	9	0	0	0	0
1100802	会议室	8	会议事件奖励增加10%	20	10	0	0	0	0
1100902	会议室	9	会议事件奖励增加11%	20	11	0	0	0	0
1101002	会议室	10	会议事件奖励增加12%	20	12	0	0	0	0
1101102	会议室	11	会议事件奖励增加13%	20	13	0	0	0	0
1101202	会议室	12	会议事件奖励增加14%	20	14	0	0	0	0
1101302	会议室	13	会议事件奖励增加15%	20	15	0	0	0	0
1101402	会议室	14	会议事件奖励增加16%	20	16	0	0	0	0
1101502	会议室	15	会议事件奖励增加17%	20	17	0	0	0	0
1101602	会议室	16	会议事件奖励增加18%	20	18	0	0	0	0
1101702	会议室	17	会议事件奖励增加19%	20	19	0	0	0	0
1101802	会议室	18	会议事件奖励增加20%	20	20	0	0	0	0
1101902	会议室	19	会议事件奖励增加21%	20	21	0	0	0	0
1102002	会议室	20	会议事件奖励增加22%	20	22	0	0	0	0
1200101	财务部	1	每日金币兑换次数增加1	22	1	0	0	0	0
1200201	财务部	2	每日金币兑换次数增加2	22	2	0	0	0	0
1200301	财务部	3	每日金币兑换次数增加3	22	3	0	0	0	0
1200401	财务部	4	每日金币兑换次数增加4	22	4	0	0	0	0
1200501	财务部	5	每日金币兑换次数增加5	22	5	0	0	0	0
1200601	财务部	6	每日金币兑换次数增加6	22	6	0	0	0	0
1200701	财务部	7	每日金币兑换次数增加7	22	7	0	0	0	0
1200801	财务部	8	每日金币兑换次数增加8	22	8	0	0	0	0
1200901	财务部	9	每日金币兑换次数增加9	22	9	0	0	0	0
1201001	财务部	10	每日金币兑换次数增加10	22	10	0	0	0	0
1201101	财务部	11	每日金币兑换次数增加11	22	11	0	0	0	0
1201201	财务部	12	每日金币兑换次数增加12	22	12	0	0	0	0
1201301	财务部	13	每日金币兑换次数增加13	22	13	0	0	0	0
1201401	财务部	14	每日金币兑换次数增加14	22	14	0	0	0	0
1201501	财务部	15	每日金币兑换次数增加15	22	15	0	0	0	0
1201601	财务部	16	每日金币兑换次数增加16	22	16	0	0	0	0
1201701	财务部	17	每日金币兑换次数增加17	22	17	0	0	0	0
1201801	财务部	18	每日金币兑换次数增加18	22	18	0	0	0	0
1201901	财务部	19	每日金币兑换次数增加19	22	19	0	0	0	0
1202001	财务部	20	每日金币兑换次数增加20	22	20	0	0	0	0
1200102	财务部	1	每日奥斯卡颁奖时获得的金币奖励增加1%	23	1	0	0	0	0
1200202	财务部	2	每日奥斯卡颁奖时获得的金币奖励增加2%	23	2	0	0	0	0
1200302	财务部	3	每日奥斯卡颁奖时获得的金币奖励增加3%	23	3	0	0	0	0
1200402	财务部	4	每日奥斯卡颁奖时获得的金币奖励增加4%	23	4	0	0	0	0
1200502	财务部	5	每日奥斯卡颁奖时获得的金币奖励增加5%	23	5	0	0	0	0
1200602	财务部	6	每日奥斯卡颁奖时获得的金币奖励增加6%	23	6	0	0	0	0
1200702	财务部	7	每日奥斯卡颁奖时获得的金币奖励增加7%	23	7	0	0	0	0
1200802	财务部	8	每日奥斯卡颁奖时获得的金币奖励增加8%	23	8	0	0	0	0
1200902	财务部	9	每日奥斯卡颁奖时获得的金币奖励增加9%	23	9	0	0	0	0
1201002	财务部	10	每日奥斯卡颁奖时获得的金币奖励增加10%	23	10	0	0	0	0
1201102	财务部	11	每日奥斯卡颁奖时获得的金币奖励增加11%	23	11	0	0	0	0
1201202	财务部	12	每日奥斯卡颁奖时获得的金币奖励增加12%	23	12	0	0	0	0
1201302	财务部	13	每日奥斯卡颁奖时获得的金币奖励增加13%	23	13	0	0	0	0
1201402	财务部	14	每日奥斯卡颁奖时获得的金币奖励增加14%	23	14	0	0	0	0
1201502	财务部	15	每日奥斯卡颁奖时获得的金币奖励增加15%	23	15	0	0	0	0
1201602	财务部	16	每日奥斯卡颁奖时获得的金币奖励增加16%	23	16	0	0	0	0
1201702	财务部	17	每日奥斯卡颁奖时获得的金币奖励增加17%	23	17	0	0	0	0
1201802	财务部	18	每日奥斯卡颁奖时获得的金币奖励增加18%	23	18	0	0	0	0
1201902	财务部	19	每日奥斯卡颁奖时获得的金币奖励增加19%	23	19	0	0	0	0
1202002	财务部	20	每日奥斯卡颁奖时获得的金币奖励增加20%	23	20	0	0	0	0
1300101	训练室	1	训练得到的技能经验增加1%	24	1	0	0	0	0
1300201	训练室	2	训练得到的技能经验增加2%	24	2	0	0	0	0
1300301	训练室	3	训练得到的技能经验增加3%	24	3	0	0	0	0
1300401	训练室	4	训练得到的技能经验增加4%	24	4	0	0	0	0
1300501	训练室	5	训练得到的技能经验增加5%	24	5	0	0	0	0
1300601	训练室	6	训练得到的技能经验增加6%	24	6	0	0	0	0
1300701	训练室	7	训练得到的技能经验增加7%	24	7	0	0	0	0
1300801	训练室	8	训练得到的技能经验增加8%	24	8	0	0	0	0
1300901	训练室	9	训练得到的技能经验增加9%	24	9	0	0	0	0
1301001	训练室	10	训练得到的技能经验增加10%	24	10	0	0	0	0
1301101	训练室	11	训练得到的技能经验增加11%	24	11	0	0	0	0
1301201	训练室	12	训练得到的技能经验增加12%	24	12	0	0	0	0
1301301	训练室	13	训练得到的技能经验增加13%	24	13	0	0	0	0
1301401	训练室	14	训练得到的技能经验增加14%	24	14	0	0	0	0
1301501	训练室	15	训练得到的技能经验增加15%	24	15	0	0	0	0
1301601	训练室	16	训练得到的技能经验增加16%	24	16	0	0	0	0
1301701	训练室	17	训练得到的技能经验增加17%	24	17	0	0	0	0
1301801	训练室	18	训练得到的技能经验增加18%	24	18	0	0	0	0
1301901	训练室	19	训练得到的技能经验增加19%	24	19	0	0	0	0
1302001	训练室	20	训练得到的技能经验增加20%	24	20	0	0	0	0
1300102	训练室	1	训练所需要花费的时间减少5分钟	25	5	0	0	0	0
1300202	训练室	2	训练所需要花费的时间减少10分钟	25	10	0	0	0	0
1300302	训练室	3	训练所需要花费的时间减少15分钟	25	15	0	0	0	0
1300402	训练室	4	训练所需要花费的时间减少20分钟	25	20	0	0	0	0
1300502	训练室	5	训练所需要花费的时间减少25分钟	25	25	0	0	0	0
1300602	训练室	6	训练所需要花费的时间减少30分钟	25	30	0	0	0	0
1300702	训练室	7	训练所需要花费的时间减少35分钟	25	35	0	0	0	0
1300802	训练室	8	训练所需要花费的时间减少40分钟	25	40	0	0	0	0
1300902	训练室	9	训练所需要花费的时间减少45分钟	25	45	0	0	0	0
1301002	训练室	10	训练所需要花费的时间减少50分钟	25	50	0	0	0	0
1301102	训练室	11	训练所需要花费的时间减少55分钟	25	55	0	0	0	0
1301202	训练室	12	训练所需要花费的时间减少60分钟	25	60	0	0	0	0
1301302	训练室	13	训练所需要花费的时间减少65分钟	25	65	0	0	0	0
1301402	训练室	14	训练所需要花费的时间减少70分钟	25	70	0	0	0	0
1301502	训练室	15	训练所需要花费的时间减少75分钟	25	75	0	0	0	0
1301602	训练室	16	训练所需要花费的时间减少80分钟	25	80	0	0	0	0
1301702	训练室	17	训练所需要花费的时间减少85分钟	25	85	0	0	0	0
1301802	训练室	18	训练所需要花费的时间减少90分钟	25	90	0	0	0	0
1301902	训练室	19	训练所需要花费的时间减少95分钟	25	95	0	0	0	0
1302002	训练室	20	训练所需要花费的时间减少100分钟	25	100	0	0	0	0
1400101	全国商务部	1	第2档生产线可升至6级	12	2	6	0	0	0
1400201	全国商务部	2	第2档生产线可升至7级	12	2	7	0	0	0
1400301	全国商务部	3	第2档生产线可升至8级	12	2	8	0	0	0
1400401	全国商务部	4	第2档生产线可升至9级	12	2	9	0	0	0
1400501	全国商务部	5	第2档生产线可升至10级	12	2	10	0	0	0
1400601	全国商务部	6	第2档生产线可升至11级	12	2	11	0	0	0
1400701	全国商务部	7	第2档生产线可升至12级	12	2	12	0	0	0
1400801	全国商务部	8	第2档生产线可升至13级	12	2	13	0	0	0
1400901	全国商务部	9	第2档生产线可升至14级	12	2	14	0	0	0
1401001	全国商务部	10	第2档生产线可升至15级	12	2	15	0	0	0
1401101	全国商务部	11	第2档生产线可升至16级	12	2	16	0	0	0
1401201	全国商务部	12	第2档生产线可升至17级	12	2	17	0	0	0
1401301	全国商务部	13	第2档生产线可升至18级	12	2	18	0	0	0
1401401	全国商务部	14	第2档生产线可升至19级	12	2	19	0	0	0
1401501	全国商务部	15	第2档生产线可升至20级	12	2	20	0	0	0
1401601	全国商务部	16	第2档生产线可升至21级	12	2	21	0	0	0
1401701	全国商务部	17	第2档生产线可升至22级	12	2	22	0	0	0
1401801	全国商务部	18	第2档生产线可升至23级	12	2	23	0	0	0
1401901	全国商务部	19	第2档生产线可升至24级	12	2	24	0	0	0
1402001	全国商务部	20	第2档生产线可升至25级	12	2	25	0	0	0
1500101	环球商务部	1	第3档生产线可升至6级	12	3	6	0	0	0
1500201	环球商务部	2	第3档生产线可升至7级	12	3	7	0	0	0
1500301	环球商务部	3	第3档生产线可升至8级	12	3	8	0	0	0
1500401	环球商务部	4	第3档生产线可升至9级	12	3	9	0	0	0
1500501	环球商务部	5	第3档生产线可升至10级	12	3	10	0	0	0
1500601	环球商务部	6	第3档生产线可升至11级	12	3	11	0	0	0
1500701	环球商务部	7	第3档生产线可升至12级	12	3	12	0	0	0
1500801	环球商务部	8	第3档生产线可升至13级	12	3	13	0	0	0
1500901	环球商务部	9	第3档生产线可升至14级	12	3	14	0	0	0
1501001	环球商务部	10	第3档生产线可升至15级	12	3	15	0	0	0
1501101	环球商务部	11	第3档生产线可升至16级	12	3	16	0	0	0
1501201	环球商务部	12	第3档生产线可升至17级	12	3	17	0	0	0
1501301	环球商务部	13	第3档生产线可升至18级	12	3	18	0	0	0
1501401	环球商务部	14	第3档生产线可升至19级	12	3	19	0	0	0
1501501	环球商务部	15	第3档生产线可升至20级	12	3	20	0	0	0
1501601	环球商务部	16	第3档生产线可升至21级	12	3	21	0	0	0
1501701	环球商务部	17	第3档生产线可升至22级	12	3	22	0	0	0
1501801	环球商务部	18	第3档生产线可升至23级	12	3	23	0	0	0
1501901	环球商务部	19	第3档生产线可升至24级	12	3	24	0	0	0
1502001	环球商务部	20	第3档生产线可升至25级	12	3	25	0	0	0
